id,Name,Office_Phone,Office_Address
1,Buckridge Group,636-908-6787,71
2,"Schmidt MacGyver and Howell",685-962-7029,72
3,"Koch McDermott and O'Hara",211-749-9779,73
4,"Yost O'Hara and Ziemann",782-890-8351,74
5,"Gleason Boyle and Okuneva",448-524-4751,75
6,Kertzmann-Graham,171-556-7742,76
7,Tillman Inc,294-567-1644,77
8,"Rogahn Hauck and Franecki",321-625-6761,78
9,Armstrong-Daugherty,835-302-1826,79
10,"Fahey Purdy and Batz",406-626-3804,80
11,Krajcik Inc,847-745-4045,81
12,Kassulke-Jast,889-758-5427,82
13,Grady Inc,592-698-9767,83
14,"Langworth Zemlak and Zboncak",167-989-5450,84
15,"Ryan Boehm and Graham",272-735-1064,85
16,Runte Group,879-367-8648,86
17,Mosciski-Swift,291-949-6228,87
18,Ferry-Dach,239-789-7952,88
19,Dibbert-Wuckert,754-253-7556,89
20,"Von Bins and Feil",943-527-4442,90
21,Fritsch-Monahan,869-151-4987,91
22,Farrell-Halvorson,378-318-4004,92
23,Bechtelar-Deckow,202-595-2967,93
24,"Fadel Witting and Shields",222-964-5195,94
25,Reichert-Morar,841-882-8634,95
26,Nitzsche LLC,799-499-4040,96
27,Mante-Kutch,900-978-3023,97
28,Weissnat Inc,316-783-0900,98
29,Ryan and Sons,562-989-8316,99
30,Shanahan and Sons,160-876-3244,100
