id,Name,Phone_Number,Address
1,Dacey Brisard,485-999-3548,36
2,Abbey Niccolls,127-970-1368,40
3,Lola Cornehl,364-144-9755,45
4,Felicia Montrose,167-843-0679,67
5,Cristi Leatham,828-795-0351,42
6,Vergil Venneur,623-476-4613,23
7,Chuck Dore,552-397-4107,48
8,Helaine Giovannelli,346-914-9076,22
9,Amelie Couvet,989-731-5414,27
10,Hunter Hoffman,909-510-3204,19
11,Anett Work,438-299-4662,9
12,Grant Caville,447-472-8740,33
13,Llewellyn Emanuelov,575-337-0192,49
14,Ann-marie Stelli,658-412-0792,59
15,Harland Saffle,127-943-4026,5
16,Lynne Borne,756-150-2963,16
17,Case Seagrove,683-270-3743,2
18,Shanon Cornils,620-804-9776,16
19,Glenn Glyn,766-608-4378,61
20,Gladys Hatchett,319-677-9953,43
21,Morgan Bleiman,475-891-2194,62
22,Westley Bardwall,725-459-8954,66
23,Derk Rodliff,305-611-9658,64
24,Deeyn Falks,909-836-2246,31
25,Rochella Spinney,431-521-3722,47
26,Carol-jean Livesley,450-467-4164,41
27,Orlando Sambath,125-907-4269,43
28,Somerset Rilston,634-487-6257,47
29,Emmerich Cabane,928-415-2645,69
30,Lethia Rames,231-178-7528,28
31,Adi Alders,204-276-5586,13
32,Marlowe Greenleaf,957-802-5727,9
33,Evvy Gaunter,369-300-3554,67
34,Lenore Goffe,758-736-2920,9
35,Glynnis Spleving,892-938-8173,29
36,Emily Murr,376-223-9280,70
37,Sela Jankin,419-838-0848,28
38,Jazmin Hucks,134-298-1064,28
39,Ingeborg Godlonton,827-333-6302,10
40,Laetitia Rozier,616-784-0344,17
41,Tommie Lawrenz,507-597-5242,21
42,Larine Knoton,980-337-8403,59
43,Jonis Bourges,633-255-7024,38
44,Shay Reimer,660-352-4303,15
45,Mark Grimsey,140-264-9655,3
46,Lyndy Yanez,557-183-4936,13
47,Amitie Stent,845-188-4639,48
48,Moise Hoolaghan,989-197-4704,66
49,Addison Juschke,795-214-0543,64
50,Madelle Viccary,374-545-1628,54
51,Gwenneth Lampet,586-816-8707,21
52,Graham Thibodeaux,440-225-2598,51
53,Diana Bretland,885-552-2723,17
54,Benni Morforth,617-738-5748,41
55,Ann Bergeau,127-359-6221,26
56,Flynn Chetwind,527-666-6968,57
57,Arleen Arnopp,547-410-3374,18
58,Adrienne Muirhead,301-847-0635,68
59,Zita Feedham,714-940-1264,56
60,Raimundo Mathou,890-783-5170,39
61,Albrecht Baise,603-264-2047,63
62,Thane Olerenshaw,415-785-3162,6
63,Ericha Friedank,928-976-9374,51
64,Warde Helin,792-483-9670,27
65,Jsandye Stranger,142-592-8821,7
66,Billi Catonne,737-355-3175,62
67,Brinna Alliot,665-488-5817,67
68,Godfry Frounks,997-764-2400,22
69,Godart Buffin,703-148-1308,66
70,Davey Sheehan,953-942-6153,62
71,Stephani Strongitharm,666-220-7249,18
72,Lina Deely,106-625-6756,51
73,Faun Parsonson,726-937-7415,7
74,Gun Strutley,192-229-9398,1
75,Ferd Tilson,638-767-8228,12
76,Margi Lansbury,515-482-2833,19
77,Bryan Guilford,834-350-7240,34
78,Erin Greyes,285-450-3272,36
79,Ferguson Cradey,868-853-4651,69
80,Krispin Chellam,915-209-0742,31
81,Neron Denny,896-136-8040,45
82,Kissee MacCawley,490-899-6748,66
83,Carrissa Bullers,831-789-6890,33
84,Pasquale Trenam,559-566-5092,30
85,Bax Dimitru,175-272-2826,19
86,Arline Risdall,789-573-0491,68
87,Zahara Keene,866-608-3201,33
88,Creighton Effaunt,137-429-7858,16
89,Drucie Carslaw,635-769-8427,2
90,Jackson Sarch,536-781-9548,17
91,Ashley Pedrocchi,875-103-2109,66
92,Wendi Bigmore,436-860-7423,11
93,Margarette Tasker,583-302-1114,26
94,Caesar Petrovsky,216-317-7278,15
95,Freeland Nel,242-458-6760,51
96,Orelle Belleny,534-642-4435,40
97,Drucill Gyppes,571-281-5416,48
98,Alikee Dugall,757-737-4630,51
99,Baillie Rudledge,964-800-7427,18
100,Robin Aspinell,634-269-8594,46
101,Sheree Fairpo,918-265-5783,27
102,Newton Mathews,740-124-5740,4
103,Kerianne Antalffy,363-158-6257,22
104,Randy Alan,104-875-9527,27
105,Modestine Flockhart,942-271-1228,36
106,Clint Mark,175-433-3922,33
107,Lissi Boylund,884-512-0274,25
108,Pete Close,291-273-1043,30
109,Cass Labroue,679-282-2485,41
110,Wynn Gowanson,627-110-5868,66
111,Padget Ioselev,557-695-3417,67
112,Gipsy Vinas,591-886-5693,54
113,Danita Tyson,168-759-5610,14
114,Matthew Paddeley,981-506-6089,54
115,Abran Legonidec,398-243-8930,32
116,Orton Bucktharp,806-664-7017,54
117,Aile Jertz,887-813-1763,23
118,Elden Malamore,963-661-8910,47
119,Jesus Whitman,157-487-8235,69
120,Alene Sparshatt,963-250-3728,5
121,Hamil Swett,967-308-9246,43
122,Briano Spittles,235-722-5082,44
123,Ramsay Mansfield,518-252-5855,8
124,Valeria Poat,844-578-2093,54
125,Dunstan Willmott,976-388-4315,15
126,Mariejeanne De Mitri,680-949-5158,60
127,Farrah Duchasteau,530-796-4964,69
128,Harlen Adamsen,915-837-9939,49
129,Barbi Pratt,497-938-3530,29
130,Lizzy Merrikin,812-488-0050,15
131,Cami Cuddon,934-751-3765,49
132,Kara Kilbey,885-700-0734,10
133,Kennith Tunney,131-113-9548,11
134,Jamesy Northfield,687-441-8026,18
135,Susie Breeze,319-571-8737,49
136,Hodge Bourtoumieux,318-104-5050,66
137,Udale Genner,944-189-0659,46
138,Philbert Chsteney,795-676-1205,50
139,Westbrook Clearie,453-257-1523,20
140,Fleur Learoyde,793-908-7838,16
141,Hy Cattenach,363-866-9696,47
142,Athene Sextie,204-192-9967,21
143,Ruth Mishow,240-556-0102,5
144,Karola Christie,898-330-3630,8
145,Fitz Philippet,822-728-6108,68
146,Penny Howsin,411-397-7179,31
147,Ashbey Filimore,587-331-4273,7
148,Starlin Tolomelli,192-641-0244,56
149,Concettina Suttill,633-411-0346,13
150,Carr Shedden,580-287-5512,10
151,Austen Eyton,195-313-9844,37
152,Hillary Yellowley,829-643-3379,48
153,Dorene Compston,454-998-5807,27
154,Estevan Kepp,729-266-2216,42
155,Aviva Shiel,629-530-3917,14
156,Sholom Portchmouth,217-642-8720,13
157,Heidie Matteotti,922-232-6990,35
158,Tory Piercey,907-352-6970,39
159,Carmella Neilus,233-929-5281,19
160,Annabell Muirden,515-466-0213,36
161,Kissie Wingar,161-408-6819,41
162,Wallie Gillian,765-716-1456,19
163,Renato Poutress,575-100-5224,26
164,Ellsworth Zorer,611-528-5127,62
165,Thornie Brunstan,417-952-7111,27
166,Jess Dulieu,581-503-6191,14
167,Claire Wollacott,318-165-9196,40
168,Ellene Standell,875-252-9789,29
169,Byron Clarage,788-583-1581,23
170,Immanuel Heinrici,468-931-4789,28
171,Kennett Felgate,636-583-4458,3
172,Trudey Petegrew,666-758-5955,30
173,Hunt Tighe,281-568-2300,44
174,Umeko Worrall,726-483-2215,58
175,Jacky Monteaux,294-299-8932,51
176,Aila Widdison,323-375-2204,29
177,Lesya Biers,374-886-3640,70
178,Monique Siggin,616-510-8423,35
179,Meggy Farnsworth,754-280-3635,64
180,Silvana Brotheridge,178-708-8499,32
181,Harbert Batrip,980-705-9318,5
182,Colby Bye,808-678-7820,29
183,Dorry Yarwood,986-154-7170,20
184,Gerardo Van Merwe,177-261-0853,35
185,Odell Reece,761-932-2129,64
186,Piggy Mingaud,337-810-0090,18
187,Margy O'Sharkey,859-465-0798,43
188,Isador Baigent,554-269-2695,30
189,Garv Andrag,170-117-8969,46
190,Meryl McGiveen,196-753-1346,37
191,Christen Wederell,598-971-1967,21
192,Nydia Livesay,839-988-7058,56
193,Maud Risbridge,221-681-1650,49
194,Marietta Wikey,800-381-1595,59
195,Cale Kubica,353-769-9336,2
196,Jonathan Nelson,269-703-7205,66
197,Bevan Showell,423-125-8869,33
198,Alister Whewill,806-770-6840,27
199,Margret Bisley,922-649-9586,26
200,Kimberli Yurmanovev,578-719-2440,27
201,Boy Hammor,269-832-0419,65
202,Salli Rolf,234-251-4931,30
203,Berrie Attaway,997-893-4340,56
204,Cornelia Withinshaw,356-722-4393,63
205,Standford Royans,666-593-3658,4
206,Rodge Lotherington,548-682-7702,61
207,Perl Mazzia,454-260-8848,7
208,Cindelyn Weatherley,260-802-3658,26
209,Dayle Havesides,262-823-5066,35
210,Massimiliano Boys,138-581-8203,61
211,Kessiah Lympany,657-692-3854,37
212,Cindee Parcell,714-122-2593,44
213,Royal Morsey,332-954-8264,65
214,Doe Moxted,718-585-1708,21
215,Nap Rouse,178-325-4706,58
216,Elnora Idney,111-702-8026,47
217,Harmonie Basley,452-174-0207,10
218,Doria Hannah,368-751-1552,9
219,Mar Aronstein,610-425-6312,2
220,Ginger Labet,823-435-5764,15
221,Dallas Parradine,674-275-7927,20
222,Wynnie Salamon,228-755-6297,59
223,Jocelin Weaver,374-114-3116,48
224,Paulette Jewise,550-167-1182,55
225,Lowrance Perceval,139-761-2180,22
226,Godfrey Fipp,259-217-1987,51
227,Trace Josephs,880-197-0729,58
228,Catherine De Bell,139-514-9234,27
229,Sholom Guly,387-606-7389,33
230,Annissa Comberbeach,224-403-8184,67
231,Darsie Gatrill,279-465-3279,60
232,Sonnnie Bickmore,686-900-8662,59
233,Cathleen Orans,838-212-0133,14
234,Hadlee Luckcuck,555-876-8518,40
235,Debera Olford,629-965-0533,43
236,Leland Souza,497-373-4717,25
237,Omero Guslon,795-314-9289,41
238,Riley Garwood,135-674-7869,32
239,Dallas de'-Ancy Willis,390-621-2239,7
240,Rurik Vasiliu,285-408-5435,25
241,Rhona McKinty,718-320-1537,44
242,Annetta Dmisek,877-918-3262,63
243,Cal Beldom,315-462-1481,38
244,Chan Dockwray,315-880-4234,8
245,Karina Heindrick,770-249-8057,62
246,Marley MacGorman,546-216-1090,4
247,Barbra Splevins,893-672-1924,34
248,Michaelina Salamon,559-766-9024,53
249,Lidia Garret,373-198-8178,41
250,Vivyanne Gaunson,481-839-1167,61
251,Berte Brugman,995-258-3071,48
252,Ardine Milroy,588-502-3576,61
253,Emili Fuge,738-892-9205,46
254,Beauregard Gemeau,387-873-8696,46
255,Inglis Moffat,834-937-9876,46
256,Sloane Coats,766-179-2427,2
257,Toddie Frail,318-670-0910,65
258,Jack Ikins,782-919-5008,13
259,Karyn Jellybrand,858-900-4645,65
260,Morganica Whitehead,631-485-5390,59
261,Tallulah Loyndon,558-383-6774,39
262,Raye Fieldstone,786-632-1979,62
263,Gasparo Kitchinghan,390-933-5332,33
264,Worthy Sharpus,412-212-5914,60
265,Freeland Glacken,942-466-6181,56
266,Isadora Brundill,355-842-9981,4
267,Agatha Podd,963-916-5702,30
268,Lucio Moughtin,548-757-5235,45
269,Geoff Beccera,509-593-7722,15
270,Abbe Buxam,925-640-0922,8
271,Jess Deppen,160-599-6780,8
272,Ephrem Dollimore,757-565-6780,39
273,Marjy Ianelli,640-471-2560,63
274,Dawn Carrol,156-975-6846,61
275,Cristy Gratrex,376-116-6667,25
276,Cissiee Puckrin,989-907-1486,29
277,Kienan Tappington,571-314-7568,69
278,Melina Karolowski,327-364-5877,27
279,Debby Helsby,103-750-1463,58
280,Clara Leipold,473-345-8948,34
281,Harriot Meany,561-717-7962,39
282,Kippie Leppingwell,362-612-9988,20
283,Christine Rowell,789-543-9023,16
284,Trefor Karlolak,530-993-8407,24
285,Skylar Fere,452-537-0363,29
286,Debee Staynes,781-433-7711,16
287,Kinna Felkin,126-647-4192,57
288,Stefan Belverstone,275-922-8166,49
289,Briney Naismith,832-535-0086,47
290,Alene Donson,250-245-7842,61
291,Fletcher Inkster,545-131-8837,26
292,Lory McLeman,845-988-0189,61
293,Odie Tukesby,987-552-5829,13
294,Chandal Sokell,286-256-0950,69
295,Blinnie Oxer,152-894-7215,50
296,Issi Gregs,728-610-2480,37
297,Winthrop Viel,441-235-0145,70
298,Godiva Summersby,637-828-1949,1
299,Avrit Meckiff,887-574-6039,10
300,Juline Dewerson,622-403-2420,66
