id,Name,City_Id
1,Bluejay,1
2,Lawn,13
3,5th,24
4,Cardinal,7
5,Mallard,8
6,Fairfield,25
7,Mallard,14
8,Vernon,19
9,Londonderry,21
10,Sullivan,10
11,Heffernan,15
12,Ilene,16
13,Dunning,17
14,Golf Course,23
15,Texas,12
16,Upham,16
17,East,16
18,Kipling,11
19,Bartelt,10
20,Fremont,7
21,Doe Crossing,20
22,Manufacturers,12
23,Golf,4
24,Iowa,20
25,Almo,7
26,Northview,1
27,Muir,12
28,Dexter,6
29,Eliot,4
30,Dennis,8
31,Iowa,9
32,Graceland,24
33,Carioca,3
34,Southridge,5
35,Muir,4
36,Jenifer,2
37,Bobwhite,15
38,Pankratz,14
39,Vera,21
40,Arrowood,17
41,Northland,17
42,Bunting,7
43,Hooker,13
44,Schlimgen,1
45,Saint Paul,13
46,Doe Crossing,19
47,Moulton,3
48,Weeping Birch,2
49,Fieldstone,18
50,Basil,3
51,Packers,6
52,Comanche,12
53,Holy Cross,7
54,Ohio,10
55,Menomonie,2
56,Mockingbird,7
57,Kennedy,25
58,Gerald,22
59,Division,21
60,Park Meadow,22
61,Tony,25
62,Artisan,18
63,Donald,18
64,Dorton,21
65,Old Gate,15
66,Corben,10
67,Colorado,22
68,Namekagon,20
69,Kinsman,17
70,Dunning,7
71,Buell,10
72,Merchant,3
73,Oak Valley,3
74,Blue Bill Park,14
75,Parkside,23
76,Jay,24
77,Mcbride,11
78,Reindahl,20
79,Ilene,1
80,Elka,17
81,Kenwood,17
82,Meadow Ridge,16
83,Arkansas,19
84,Holmberg,20
85,Bultman,11
86,Delladonna,14
87,Oak Valley,4
88,Kings,23
89,Dawn,19
90,Acker,19
91,Merrick,2
92,Westend,22
93,Maple Wood,10
94,Johnson,5
95,Arizona,3
96,Crownhardt,15
97,Eastlawn,4
98,Mcbride,2
99,Judy,7
100,Katie,19
