1,Alina Mealiffe,730-996-5035
2,Christy Bowich,688-476-7135
3,Tarrah Grigoriscu,614-716-6371
4,Vanny Wakeford,859-269-1832
5,Hildagarde Springford,414-208-3058
6,Casey Pether,627-401-7161
7,Bernette Klass,228-841-0378
8,Manon Wroe,651-656-4678
9,Shanie Critzen,365-893-6963
10,Catherine Brunning,170-336-8729
11,Alasdair Land,306-723-6014
12,Jan McArthur,331-964-0707
13,Garrard De Domenici,161-286-9098
14,Valentine Jervois,198-269-7675
15,Yank Bantham,829-364-3871
16,Karim Jordanson,746-630-5273
17,Jermaine Callaghan,748-340-3265
18,Byrann Haggas,374-779-0186
19,Clifford Creebo,531-635-0249
20,Shirley Rochewell,413-188-2795
21,Steve Killbey,332-697-2102
22,Trude Loosely,240-624-9742
23,Den Dunderdale,342-199-8949
24,Louise Snaith,612-789-6958
25,Duff Crankshaw,594-211-1383
26,Colas Dundredge,942-190-6593
27,Bibi Snowball,989-520-8372
28,Marjie Saltrese,793-997-2649
29,Nyssa Fairholme,808-709-4737
30,Amy Stroban,446-576-5972
31,Konstantine Heggison,125-590-6961
32,Aeriel Noon,377-616-8501
33,Jervis Durtnal,199-927-9526
34,Bentley Luckcuck,606-909-9947
35,Ivett Letherbury,613-730-7061
36,Rolland MacScherie,452-476-3246
37,Carolyn Tyson,173-178-6089
38,Weidar Silversmidt,878-578-6417
39,Warren Chamberlain,973-256-3722
40,Kissee Kinchin,185-628-2747
41,Darnall Trundle,913-851-5674
42,Magdalena Puddin,970-771-3029
43,Baron Babbidge,409-870-7068
44,Wadsworth Livesley,956-718-6832
45,Toiboid Gibbon,772-948-0101
46,Valentijn Gathercole,348-239-1985
47,Agata Spritt,872-877-8188
48,Katharine Currm,174-293-7529
49,Klarrisa Braganca,430-643-7012
50,Caroljean Ateridge,942-667-5122
51,Currey Python,822-123-3009
52,Fritz Trustram,417-956-7811
53,Maurene Edgcumbe,838-680-4979
54,Johan Koppes,381-139-5438
55,Merrie Cordeau],963-859-3566
56,Millard Shambrook,878-886-5050
57,Mannie Brewerton,205-850-0770
58,Sven Fresson,610-227-6104
59,Sandra Patching,478-428-7169
60,Tadio Hawtry,674-145-9373
61,Ilene Steward,704-869-0631
62,Nelia Sultan,442-377-2369
63,Aubert Akam,793-202-7505
64,Alecia Leyfield,651-855-4980
65,Lilllie Pryer,731-940-4573
66,Jelene Thrustle,590-403-2745
67,Red Kleinmintz,349-862-1746
68,Lexie Stilgo,200-372-7348
69,Gae Artois,260-319-7179
70,Celie Polet,765-600-0012
71,Teddie Rentz,712-683-5776
72,Ashlee Pirri,243-808-1387
73,Alla Kyte,233-168-5150
74,Michele Haddow,294-635-7124
75,Becki Cutajar,689-124-3563
76,Wilie Brignall,561-241-1874
77,Briny Giraudat,991-871-4750
78,Lou Vader,370-991-4906
79,Hurley Lumm,925-779-2061
80,Vergil Samwaye,258-716-2758
81,Wells Brotherhead,647-150-7585
82,Avram Hold,994-989-8634
83,Deena Degg,332-852-5811
84,Cassy Wenban,129-147-7122
85,Binny Wethered,555-471-4102
86,Zarla Restieaux,613-530-3058
87,Mattheus Realy,884-946-0494
88,Igor Maciaszek,912-607-3165
89,Shari Gant,238-833-6851
90,Corilla Nacci,217-772-5231
91,Gonzalo Gatland,983-742-5451
92,Maia Heppenspall,410-154-4396
93,Lane Letty,511-656-1446
94,Alanson Bloxland,578-361-6190
95,Fulton Denington,809-303-0622
96,Taffy Hartwright,664-474-8411
97,Freemon Erbe,212-975-8427
98,Yanaton McKeighan,365-367-9310
99,Tammy Martinec,146-413-4799
100,Jolee Frankham,530-133-9009
